Course Name,Course Link
"Applied Deep Learning: Build a Chatbot - Theory, Application",https://www.udemy.com/course/applied-deep-learning-build-a-chatbot-theory-application/learn/
Automate the Boring Stuff with Python Programming,https://www.udemy.com/course/automate/learn/
Selenium Webdriver Automate 10 commercial Sites - Basics C1,https://www.udemy.com/course/selenium-webdriver-learn-by-automating-10-commercial-sites/learn/
Instagram Automation: Build A Bot with Python,https://www.udemy.com/course/instagram-automation-build-a-bot-with-python/learn/
Automated Multiple Face Recognition AI using Python,https://www.udemy.com/course/automated-multiple-face-recognition-ai-using-python/learn/
Electron.js ile Masaüstü Uygulama Yapımına Giriş,https://www.udemy.com/course/electronjs-ile-masaustu-uygulama-yapimina-giris/learn/
GRUNT js: Automate web development tasks and save your time,https://www.udemy.com/course/gruntjs-automate-web-development-tasks-and-save-your-time/learn/
Data Structures and Algorithms for Beginners,https://www.udemy.com/course/data-structures-and-algorithms-for-all-developers/learn/
Extreme Alexa Skills Dev: Mastering Templates and Back-End,https://www.udemy.com/course/extreme-alexa-skills-development-templates-and-back-end/learn/
"50 Must Know Concepts,Algorithms in Machine Learning",https://www.udemy.com/course/must-know-in-machine-learning/learn/
2020 create a Flappy Bird game with python3.8,https://www.udemy.com/course/create-a-flappy-bird-game-with-python/learn/
Microsoft AZURE Big Data and Analytics Certification,https://www.udemy.com/course/microsoft-azure-big-data-and-analytics-certification/learn/
Learn Advanced Python Concepts,https://www.udemy.com/course/learn-advanced-python-concepts/learn/
REPORTLAB PYTHON COMPLETE TUTORIAL|PYTHON PDF PROCESSING,https://www.udemy.com/course/reportlab/learn/
Python For Vision and Detection : OpenCv Python,https://www.udemy.com/course/python-for-vision-and-detection-opencv-python/learn/
Machine Learning: Making computers think!,https://www.udemy.com/course/making-computers-think/learn/
Terraform + AWS - Your Introduction!,https://www.udemy.com/course/terraform-aws-your-introduction/learn/
"Top Coding Bundle! Learn Python, Ruby, PHP, Javascript",https://www.udemy.com/course/ultimate-coding-bundle-learn-python-ruby-php-javascript/learn/
Create a Game Loop using C and SDL,https://www.udemy.com/course/game-loop-c-sdl/learn/
Learn Algorithm Programming,https://www.udemy.com/course/learn-algorithm-programming/learn/
Learn to build chatbots with IBM Watson,https://www.udemy.com/course/learn-to-build-chatbots-with-ibm-watson/learn/
Complete Facebook Messenger Chatbot Course,https://www.udemy.com/course/complete-facebook-messenger-chatbot-course/learn/
How To Automate Sales and Support Using Chatbots,https://www.udemy.com/course/how-to-automate-sales-and-support-using-chatbots/learn/
Rich message Business Chatbots in Angular 8 with Dialogflow,https://www.udemy.com/course/business-rich-message-chatbots-in-angular-8-with-dialogflow/learn/
Learn Advanced Python Concepts,https://www.udemy.com/course/learn-advanced-python-concepts/learn/
REPORTLAB PYTHON COMPLETE TUTORIAL|PYTHON PDF PROCESSING,https://www.udemy.com/course/reportlab/learn/
Python For Vision and Detection : OpenCv Python,https://www.udemy.com/course/python-for-vision-and-detection-opencv-python/learn/
Machine Learning: Making computers think!,https://www.udemy.com/course/making-computers-think/learn/
Terraform + AWS - Your Introduction!,https://www.udemy.com/course/terraform-aws-your-introduction/learn/
"Top Coding Bundle! Learn Python, Ruby, PHP, Javascript",https://www.udemy.com/course/ultimate-coding-bundle-learn-python-ruby-php-javascript/learn/
Create a Game Loop using C and SDL,https://www.udemy.com/course/game-loop-c-sdl/learn/
Learn Algorithm Programming,https://www.udemy.com/course/learn-algorithm-programming/learn/
Learn to build chatbots with IBM Watson,https://www.udemy.com/course/learn-to-build-chatbots-with-ibm-watson/learn/
Complete Facebook Messenger Chatbot Course,https://www.udemy.com/course/complete-facebook-messenger-chatbot-course/learn/
How To Automate Sales and Support Using Chatbots,https://www.udemy.com/course/how-to-automate-sales-and-support-using-chatbots/learn/
Rich message Business Chatbots in Angular 8 with Dialogflow,https://www.udemy.com/course/business-rich-message-chatbots-in-angular-8-with-dialogflow/learn/
How To Start a Profitable Facebook Chatbot Marketing Agency,https://www.udemy.com/course/draft/2378646/learn/
Learn to build chatbots with Dialogflow,https://www.udemy.com/course/create-chatbots-with-dialogflow/learn/
How to create a CRUD Application with Python and SQL Server,https://www.udemy.com/course/how-to-create-a-crud-application-with-python-and-sql-server/learn/
Marketing Analytics: Forecasting Models with Excel,https://www.udemy.com/course/marketing-analytics-forecasting-models-with-excel/learn/
Neo4j Graph Databases 101 for Data Scientists and Analysts,https://www.udemy.com/course/draft/2394062/learn/
Developing simple CMS+Blog with PHP7 and MySQL,https://www.udemy.com/course/developing-simple-cmsblog-with-php7-and-mysql/learn/
Create An Auction Site From Scratch: PHP and MySQLi,https://www.udemy.com/course/create-an-auction-site-from-scratch-php-and-mysqli/learn/
"Build Real World Website with PHP, PDO & MySQL",https://www.udemy.com/course/build-real-world-website-with-php-pdo-and-mysql/learn/
Full Stack Website Development : Technologies All in One,https://www.udemy.com/course/full-stack-website-development-technologies/learn/
2019 build a Todo app with vue js,https://www.udemy.com/course/2019-build-a-todo-app-with-vue-js/learn/
Build a simple messages board with php7 for beginner,https://www.udemy.com/course/build-a-simple-messages-board-with-php7-for-beginner/learn/
The Visual Guide on How Neural Networks Learn from Data,https://www.udemy.com/course/the-visual-guide-on-how-neural-networks-learn-from-data/learn/
"Internet of Things (Arduino,Php,Html,Mysql,IOT,iot)",https://www.udemy.com/course/iot-internet-of-things-with-arduino-php-html-mysql/learn/
IoT Using Raspberry Pi,https://www.udemy.com/course/iot-using-raspberry-pi-m/learn/
eCommerce Website in PHP & MySQLi (Urdu/Hindi),https://www.udemy.com/course/draft/249238/learn/
Learn E-Commerce Website in PHP & MySQL From Scratch!,https://www.udemy.com/course/draft/267560/learn/
PHP Development:Improve your websites,https://www.udemy.com/course/draft/2175430/learn/
Web development for beginners! Introduction to HTML & CSS...,https://www.udemy.com/course/draft/2601176/learn/
JavaScript Basics Crash Course (A Head Start for Beginners),https://www.udemy.com/course/javascript-crash-course-beginners-headstart/learn/
AWS Provisioning using Ansible with real-time examples,https://www.udemy.com/course/draft/2310938/learn/
Python 101,https://www.udemy.com/course/kypython-101/learn/
"Basic PHP Development with Bootstrap, GitHub and Heroku",https://www.udemy.com/course/php-development-with-bootstrap-github-and-heroku/learn/
Build a Weather App With Python and Django,https://www.udemy.com/course/build-a-weather-app-with-python-and-django/learn/
Image Recognition with Neural Networks From Scratch,https://www.udemy.com/course/image-recognition-with-neural-networks-from-scratch/learn/
PHP: The Complete PHP MVC Course,https://www.udemy.com/course/the-complete-php-mvc-course-build-a-modern-php-ecommerce-store/learn/
The Ultimate Guide To Add Social Media Login to PHP Web Apps,https://www.udemy.com/course/how-to-add-social-media-login-to-php-web-apps/learn/
